"","Position","ConsistencyIndex","CountsACGT","MinimumNumberChangesOnTree","Min.No.ChangesonTree","bp","minor.variant.fraction","dist.nearest.homoplasy","N.nearest.neighbour.has.homoplasy","N.nearest.neighbour.lacks.homoplasy","N.nearest.neighbour.intermediate","proportion.with.N.within.local.region","isolates.in.dataset.with.N","N.isolates.with.homoplasy","originating_labs","submitting_labs","countries","proportion_alt2_vs_alt1","homopolymer"
187,187,0.111111111111111,"46284:0:346:0",9,9,187,0.00740534640327034,1,NA,NA,NA,NA,NA,346,58,48,23,0,0
222,222,0.0526315789473684,"0:46575:0:57",19,19,222,0.00121995591036534,1,NA,NA,NA,NA,NA,57,25,13,6,0,0
241,241,0.0212765957446809,"0:10276:0:36238",47,47,241,0.775592320698585,1,NA,NA,NA,NA,NA,36238,938,440,90,0,0
313,313,0.0158730158730159,"0:45650:0:940",63,63,313,0.0201185711533934,6,NA,NA,NA,NA,NA,940,170,106,39,0,0
379,379,0.111111111111111,"254:46439:0:0",9,9,379,0.00543629475847013,2,NA,NA,NA,NA,NA,254,26,20,4,0,0
490,490,0.166666666666667,"310:0:0:46398",6,6,490,0.00663484793356591,1,NA,NA,NA,NA,NA,310,70,59,11,0.0032258064516129,0
514,514,0.2,"0:234:0:46397",5,5,514,0.00500824005307878,1,NA,NA,NA,NA,NA,234,46,30,22,0.00427350427350427,0
619,619,0.2,"0:46654:0:57",5,5,619,0.00121995591036534,2,NA,NA,NA,NA,NA,57,14,14,4,0,0
715,715,0.5,"0:46662:0:58",2,2,715,0.00124135864563491,2,NA,NA,NA,NA,NA,58,4,3,1,0,0
823,823,0.0714285714285714,"0:46668:0:49",14,14,823,0.00104873402820881,6,NA,NA,NA,NA,NA,49,21,15,8,0,0
829,829,0.0555555555555556,"0:46652:0:65",18,18,829,0.00139117779252188,3,NA,NA,NA,NA,NA,65,19,17,10,0,0
833,833,0.333333333333333,"0:193:0:46526",3,3,833,0.00413072790702652,1,NA,NA,NA,NA,NA,193,34,31,4,0,0
884,884,0.0909090909090909,"0:46607:0:110",11,11,884,0.00235430087965242,1,NA,NA,NA,NA,NA,110,46,40,23,0.00909090909090909,0
988,988,0.333333333333333,"0:46666:0:57",3,3,988,0.00121995591036534,7,NA,NA,NA,NA,NA,57,8,3,2,0,0
1059,1059,0.0384615384615385,"0:37411:0:9260",26,26,1059,0.198189328596195,1,NA,NA,NA,NA,NA,9260,401,223,64,0,0
1076,1076,0.25,"0:46634:0:80",4,4,1076,0.0017122188215654,1,NA,NA,NA,NA,NA,80,4,6,2,0,0
1101,1101,0.0909090909090909,"0:46658:0:57",11,11,1101,0.00121995591036534,1,NA,NA,NA,NA,NA,57,13,11,7,0,0
1163,1163,0.0625,"46449:0:0:265",16,16,1163,0.00567172484643537,2,NA,NA,NA,NA,NA,265,13,15,2,0.00754716981132075,0
1170,1170,0.0909090909090909,"0:46646:0:65",11,11,1170,0.00139117779252188,5,NA,NA,NA,NA,NA,65,14,13,6,0,0
1190,1190,0.0625,"0:46666:0:49",16,16,1190,0.00104873402820881,1,NA,NA,NA,NA,NA,49,15,12,8,0.0204081632653061,0
1191,1191,0.0434782608695652,"0:46657:0:54",23,23,1191,0.00115574770455664,1,NA,NA,NA,NA,NA,54,23,20,10,0.0185185185185185,0
1218,1218,0.05,"0:46660:0:55",20,20,1218,0.00117715043982621,3,NA,NA,NA,NA,NA,55,21,20,12,0,0
1302,1302,0.0625,"0:46598:0:120",16,16,1302,0.00256832823234809,4,NA,NA,NA,NA,NA,120,12,10,9,0.00833333333333333,0
1397,1397,0.142857142857143,"316:0:46405:0",7,7,1397,0.00676326434518331,4,NA,NA,NA,NA,NA,316,74,73,33,0,0
1401,1401,0.2,"129:0:46592:0",5,5,1401,0.0027609528497742,2,NA,NA,NA,NA,NA,129,6,6,4,0,0
1420,1420,0.0769230769230769,"0:46572:0:145",13,13,1420,0.00310339661408728,1,NA,NA,NA,NA,NA,145,10,7,5,0,0
1437,1437,0.0769230769230769,"0:46636:0:84",13,13,1437,0.00179782976264367,2,NA,NA,NA,NA,NA,84,18,12,7,0,0
1440,1440,0.25,"547:0:46165:0",4,4,1440,0.0117072961924534,1,NA,NA,NA,NA,NA,547,87,51,29,0,0
1441,1441,0.1,"0:46591:0:131",10,10,1441,0.00280375832031334,1,NA,NA,NA,NA,NA,131,9,6,3,0,0
1457,1457,0.0625,"0:46617:0:99",16,16,1457,0.00211887079168718,1,NA,NA,NA,NA,NA,99,27,19,9,0,0
1515,1515,0.333333333333333,"46521:0:192:0",3,3,1515,0.00410932517175695,1,NA,NA,NA,NA,NA,192,50,34,17,0,0
1593,1593,0.0526315789473684,"0:46659:0:54",19,19,1593,0.00115574770455664,1,NA,NA,NA,NA,NA,54,22,15,9,0,0
1594,1594,0.0909090909090909,"0:46468:0:246",11,11,1594,0.00526507287631359,1,NA,NA,NA,NA,NA,246,25,23,15,0,0
1616,1616,0.25,"0:46586:0:134",4,4,1616,0.00286796652612204,3,NA,NA,NA,NA,NA,134,9,8,4,0,0
1684,1684,0.0714285714285714,"0:46633:0:76",14,14,1684,0.00162660788048713,1,NA,NA,NA,NA,NA,76,17,15,10,0,0
1812,1812,0.1,"0:46585:0:126",10,10,1812,0.0026967446439655,4,NA,NA,NA,NA,NA,126,13,9,6,0,0
1820,1820,0.0357142857142857,"101:0:46607:0",28,28,1820,0.00216167626222631,5,NA,NA,NA,NA,NA,101,40,27,13,0,1
1887,1887,0.166666666666667,"0:46637:0:62",6,6,1887,0.00132696958671318,3,NA,NA,NA,NA,NA,62,11,5,2,0,0
1912,1912,0.0333333333333333,"0:46571:0:138",30,30,1912,0.00295357746720031,1,NA,NA,NA,NA,NA,138,34,30,15,0.0217391304347826,0
1917,1917,0.0833333333333333,"0:46601:0:114",12,12,1917,0.00243991182073069,2,NA,NA,NA,NA,NA,114,21,22,5,0,0
1968,1968,0.1,"0:46624:0:87",10,10,1968,0.00186203796845237,5,NA,NA,NA,NA,NA,87,13,10,6,0,0
1980,1980,0.5,"64:0:46650:0",2,2,1980,0.00136977505725232,1,NA,NA,NA,NA,NA,64,4,4,2,0,0
2113,2113,0.0769230769230769,"0:46590:0:123",13,13,2113,0.0026325364381568,3,NA,NA,NA,NA,NA,123,27,23,15,0,0
2161,2161,0.333333333333333,"46620:0:99:0",3,3,2161,0.00211887079168718,1,NA,NA,NA,NA,NA,99,3,3,2,0.0101010101010101,0
2164,2164,0.5,"94:0:46609:0",2,2,2164,0.00201185711533934,3,NA,NA,NA,NA,NA,94,13,6,3,0.117021276595745,0
2244,2244,0.5,"0:65:0:46653",2,2,2244,0.00139117779252188,1,NA,NA,NA,NA,NA,65,2,2,1,0,0
2416,2416,0.2,"0:45952:0:759",5,5,2416,0.0162446760696017,9,NA,NA,NA,NA,NA,759,128,92,41,0,0
2480,2480,0.5,"45658:0:1048:0",2,2,2480,0.0224300665625067,5,NA,NA,NA,NA,NA,1048,80,59,29,0,0
2508,2508,0.0909090909090909,"0:46655:0:60",11,11,2508,0.00128416411617405,1,NA,NA,NA,NA,NA,60,9,7,5,0.0333333333333333,0
2558,2558,0.25,"0:45596:0:1109",4,4,2558,0.0237356334139503,1,NA,NA,NA,NA,NA,1109,83,61,29,0,0
2638,2638,0.25,"0:46613:0:67",4,4,2638,0.00143398326306102,1,NA,NA,NA,NA,NA,67,7,6,5,0,0
2706,2706,0.1,"0:46619:0:55",10,10,2706,0.00117715043982621,2,NA,NA,NA,NA,NA,55,10,8,7,0,0
2836,2836,0.0714285714285714,"0:46546:0:144",14,14,2836,0.00308199387881771,2,NA,NA,NA,NA,NA,144,21,6,4,0,0
2891,2891,0.333333333333333,"499:0:46164:0",3,3,2891,0.0106799648995142,1,NA,NA,NA,NA,NA,499,84,51,29,0.00200400801603206,0
2940,2940,0.125,"0:46587:0:124",8,8,2940,0.00265393917342636,1,NA,NA,NA,NA,NA,124,20,12,8,0,0
2942,2942,0.5,"0:46650:0:64",2,2,2942,0.00136977505725232,2,NA,NA,NA,NA,NA,64,15,8,5,0,0
3037,3037,0.0204081632653061,"0:10331:0:36292",49,49,3037,0.776748068403142,3,NA,NA,NA,NA,NA,36292,933,436,90,0,0
3096,3096,0.0476190476190476,"0:46628:0:69",21,21,3096,0.00147678873360015,1,NA,NA,NA,NA,NA,69,26,21,10,0,0
3140,3140,0.125,"0:46642:0:68",8,8,3140,0.00145538599833059,4,NA,NA,NA,NA,NA,68,8,7,5,0,0
3177,3177,0.0526315789473684,"0:46369:0:337",19,19,3177,0.00721272178584423,1,NA,NA,NA,NA,NA,337,76,61,12,0.00890207715133531,0
3373,3373,0.2,"223:46493:0:0",5,5,3373,0.00477280996511354,2,NA,NA,NA,NA,NA,223,61,41,22,0.00896860986547085,0
3411,3411,0.0833333333333333,"0:46665:0:56",12,12,3411,0.00119855317509578,8,NA,NA,NA,NA,NA,56,13,12,6,0,0
3543,3543,0.333333333333333,"0:46632:0:52",3,3,3543,0.00111294223401751,2,NA,NA,NA,NA,NA,52,3,3,2,0,0
3551,3551,0.333333333333333,"0:46604:0:67",3,3,3551,0.00143398326306102,1,NA,NA,NA,NA,NA,67,4,3,3,0.0149253731343284,0
3634,3634,0.166666666666667,"0:46599:0:79",6,6,3634,0.00169081608629583,4,NA,NA,NA,NA,NA,79,26,16,6,0,0
3737,3737,0.111111111111111,"0:46522:0:98",9,9,3737,0.00209746805641761,1,NA,NA,NA,NA,NA,98,14,8,4,0,0
3787,3787,0.1,"0:46599:0:65",10,10,3787,0.00139117779252188,3,NA,NA,NA,NA,NA,65,20,12,8,0,0
3871,3871,0.1,"0:0:46502:191",10,10,3871,0.00408792243648738,3,NA,NA,NA,NA,NA,191,11,10,4,0.00523560209424084,1
3885,3885,0.25,"0:46636:0:47",4,4,3885,0.00100592855766967,4,NA,NA,NA,NA,NA,47,4,4,3,0.127659574468085,0
3892,3892,0.333333333333333,"0:0:46602:86",3,3,3892,0.0018406352331828,3,NA,NA,NA,NA,NA,86,6,5,2,0.0348837209302326,0
3931,3931,0.25,"0:167:0:46532",4,4,3931,0.00357425679001776,16,NA,NA,NA,NA,NA,167,5,5,2,0,0
4002,4002,0.25,"0:46223:0:472",4,4,4002,0.0101020910472358,4,NA,NA,NA,NA,NA,472,68,46,30,0,0
4084,4084,0.0666666666666667,"0:46665:0:53",15,15,4084,0.00113434496928707,6,NA,NA,NA,NA,NA,53,17,12,7,0,0
4113,4113,0.0833333333333333,"0:46667:0:48",12,12,4113,0.00102733129293924,8,NA,NA,NA,NA,NA,48,17,17,9,0,0
4226,4226,0.5,"0:46595:0:124",2,2,4226,0.00265393917342636,4,NA,NA,NA,NA,NA,124,2,2,1,0.00806451612903226,0
4255,4255,0.111111111111111,"0:0:46601:104",9,9,4255,0.00222588446803501,3,NA,NA,NA,NA,NA,104,34,30,17,0.115384615384615,0
4300,4300,0.0588235294117647,"0:0:46663:55",17,17,4300,0.00117715043982621,3,NA,NA,NA,NA,NA,55,19,12,9,0,0
4320,4320,0.142857142857143,"0:46663:0:52",7,7,4320,0.00111294223401751,1,NA,NA,NA,NA,NA,52,13,12,6,0,0
4354,4354,0.125,"98:0:46619:0",8,8,4354,0.00209746805641761,3,NA,NA,NA,NA,NA,98,3,2,1,0.0204081632653061,0
4390,4390,0.333333333333333,"0:0:46657:66",3,3,4390,0.00141258052779145,3,NA,NA,NA,NA,NA,66,16,9,6,0,0
4510,4510,0.0625,"0:0:46604:73",16,16,4510,0.00156239967467842,6,NA,NA,NA,NA,NA,73,17,13,7,0.123287671232877,0
4540,4540,0.0909090909090909,"0:46430:0:256",11,11,4540,0.00547910022900927,3,NA,NA,NA,NA,NA,256,39,32,10,0,0
4582,4582,0.111111111111111,"0:46635:0:49",9,9,4582,0.00104873402820881,3,NA,NA,NA,NA,NA,49,15,13,7,0,0
4668,4668,0.25,"0:46664:0:52",4,4,4668,0.00111294223401751,3,NA,NA,NA,NA,NA,52,17,11,7,0,0
5183,5183,0.0555555555555556,"0:46630:0:50",18,18,5183,0.00107013676347837,1,NA,NA,NA,NA,NA,50,24,20,5,0,0
5184,5184,0.0909090909090909,"0:46604:0:64",11,11,5184,0.00136977505725232,1,NA,NA,NA,NA,NA,64,10,10,7,0,0
5310,5310,0.125,"0:46575:0:50",8,8,5310,0.00107013676347837,1,NA,NA,NA,NA,NA,50,11,8,5,0,0
5512,5512,0.0666666666666667,"0:46564:0:78",15,15,5512,0.00166941335102626,6,NA,NA,NA,NA,NA,78,17,14,8,0,0
5572,5572,0.1,"0:0:46538:109",10,10,5572,0.00233289814438285,2,NA,NA,NA,NA,NA,109,15,12,6,0.036697247706422,0
5617,5617,0.5,"0:0:46658:64",2,2,5617,0.00136977505725232,1,NA,NA,NA,NA,NA,64,3,2,2,0.015625,0
5672,5672,0.0833333333333333,"0:46575:0:140",12,12,5672,0.00299638293773944,7,NA,NA,NA,NA,NA,140,11,10,7,0.0142857142857143,0
5700,5700,0.125,"199:46516:0:0",8,8,5700,0.00425914431864392,4,NA,NA,NA,NA,NA,199,21,12,3,0.0100502512562814,0
5730,5730,0.0588235294117647,"0:46660:0:58",17,17,5730,0.00124135864563491,6,NA,NA,NA,NA,NA,58,27,21,11,0,0
6026,6026,0.0526315789473684,"0:46560:0:153",19,19,6026,0.00327461849624382,1,NA,NA,NA,NA,NA,153,25,18,12,0,0
6027,6027,0.0909090909090909,"0:46653:0:57",11,11,6027,0.00121995591036534,1,NA,NA,NA,NA,NA,57,20,16,7,0.0701754385964912,0
6040,6040,0.037037037037037,"0:46529:0:184",27,27,6040,0.00393810328960041,3,NA,NA,NA,NA,NA,184,49,40,11,0,0
6310,6310,0.25,"429:46200:0:0",4,4,6310,0.00918177343064444,1,NA,NA,NA,NA,NA,429,18,17,4,0.0629370629370629,0
6312,6312,0.142857142857143,"810:45865:0:0",7,7,6312,0.0173362155683496,1,NA,NA,NA,NA,NA,810,105,83,27,0.0135802469135802,1
6380,6380,0.333333333333333,"0:46588:0:83",3,3,6380,0.0017764270273741,4,NA,NA,NA,NA,NA,83,5,3,1,0.0120481927710843,0
6402,6402,0.0625,"0:46644:0:51",16,16,6402,0.00109153949874794,1,NA,NA,NA,NA,NA,51,20,14,9,0,0
6445,6445,0.0909090909090909,"0:46588:0:97",11,11,6445,0.00207606532114804,1,NA,NA,NA,NA,NA,97,10,9,4,0,0
6472,6472,0.333333333333333,"0:46637:0:47",3,3,6472,0.00100592855766967,3,NA,NA,NA,NA,NA,47,4,4,3,0.0212765957446809,0
6573,6573,0.0666666666666667,"0:46475:0:234",15,15,6573,0.00500824005307878,5,NA,NA,NA,NA,NA,234,33,25,15,0,0
6651,6651,0.1,"0:46651:0:64",10,10,6651,0.00136977505725232,2,NA,NA,NA,NA,NA,64,11,9,4,0,0
6693,6693,0.2,"46646:0:62:0",5,5,6693,0.00132696958671318,1,NA,NA,NA,NA,NA,62,6,5,4,0,0
6696,6696,0.111111111111111,"0:46582:0:97",9,9,6696,0.00207606532114804,1,NA,NA,NA,NA,NA,97,24,10,7,0,1
6723,6723,0.1,"0:46636:0:72",10,10,6723,0.00154099693940886,3,NA,NA,NA,NA,NA,72,14,12,6,0,0
6982,6982,0.2,"0:46580:0:50",5,5,6982,0.00107013676347837,1,NA,NA,NA,NA,NA,50,7,5,5,0,0
6990,6990,0.0909090909090909,"0:46526:0:110",11,11,6990,0.00235430087965242,6,NA,NA,NA,NA,NA,110,25,19,8,0,0
7011,7011,0.0909090909090909,"0:46502:0:134",11,11,7011,0.00286796652612204,1,NA,NA,NA,NA,NA,134,38,22,14,0,0
7420,7420,0.0555555555555556,"0:46572:0:142",18,18,7420,0.00303918840827858,3,NA,NA,NA,NA,NA,142,21,16,11,0,0
7423,7423,0.166666666666667,"0:46656:0:61",6,6,7423,0.00130556685144361,3,NA,NA,NA,NA,NA,61,10,2,1,0,0
7438,7438,0.2,"0:116:0:46602",5,5,7438,0.00248271729126982,3,NA,NA,NA,NA,NA,116,14,11,4,0,0
7479,7479,0.25,"46665:0:51:0",4,4,7479,0.00109153949874794,1,NA,NA,NA,NA,NA,51,20,14,8,0,0
7600,7600,0.0588235294117647,"0:46656:0:57",17,17,7600,0.00121995591036534,4,NA,NA,NA,NA,NA,57,17,14,9,0,0
7765,7765,0.0714285714285714,"0:46536:0:174",14,14,7765,0.00372407593690474,1,NA,NA,NA,NA,NA,174,41,28,16,0.0172413793103448,0
7798,7798,0.0588235294117647,"0:0:46623:89",17,17,7798,0.0019048434389915,6,NA,NA,NA,NA,NA,89,24,17,11,0,1
7815,7815,0.2,"0:46659:0:55",5,5,7815,0.00117715043982621,4,NA,NA,NA,NA,NA,55,7,5,2,0,0
7834,7834,0.0625,"0:46631:0:86",16,16,7834,0.0018406352331828,9,NA,NA,NA,NA,NA,86,17,14,9,0,0
7851,7851,0.1,"0:46663:0:55",10,10,7851,0.00117715043982621,7,NA,NA,NA,NA,NA,55,10,8,7,0,0
8090,8090,0.1,"0:46668:0:51",10,10,8090,0.00109153949874794,2,NA,NA,NA,NA,NA,51,21,14,7,0,1
8371,8371,0.1,"0:0:46582:111",10,10,8371,0.00237570361492199,3,NA,NA,NA,NA,NA,111,45,41,25,0.00900900900900901,0
8389,8389,0.166666666666667,"0:46613:0:79",6,6,8389,0.00169081608629583,3,NA,NA,NA,NA,NA,79,38,18,5,0,0
8653,8653,0.166666666666667,"0:0:46547:111",6,6,8653,0.00237570361492199,2,NA,NA,NA,NA,NA,111,42,36,20,0.00900900900900901,0
8683,8683,0.1,"0:46587:0:62",10,10,8683,0.00132696958671318,2,NA,NA,NA,NA,NA,62,11,8,5,0.0161290322580645,0
8782,8782,0.0384615384615385,"0:43022:0:3635",26,26,8782,0.0777989427048777,3,NA,NA,NA,NA,NA,3635,346,217,56,0,0
8917,8917,0.0714285714285714,"0:46613:0:108",14,14,8917,0.00231149540911328,18,NA,NA,NA,NA,NA,108,24,17,7,0,0
8950,8950,0.1,"0:46634:0:84",10,10,8950,0.00179782976264367,3,NA,NA,NA,NA,NA,84,20,20,9,0,0
9223,9223,0.0833333333333333,"0:46483:0:227",12,12,9223,0.00485842090619181,1,NA,NA,NA,NA,NA,227,57,40,23,0,0
9246,9246,0.0625,"0:46635:0:67",16,16,9246,0.00143398326306102,3,NA,NA,NA,NA,NA,67,19,15,11,0,0
9286,9286,0.0909090909090909,"0:46618:0:64",11,11,9286,0.00136977505725232,6,NA,NA,NA,NA,NA,64,12,10,8,0,0
9430,9430,0.0333333333333333,"0:46613:0:74",30,30,9430,0.00158380240994799,1,NA,NA,NA,NA,NA,74,34,26,12,0.027027027027027,0
9438,9438,0.032258064516129,"0:46504:0:178",31,31,9438,0.00380968687798301,1,NA,NA,NA,NA,NA,178,31,20,10,0,0
9474,9474,0.025,"0:46609:0:69",40,40,9474,0.00147678873360015,1,NA,NA,NA,NA,NA,69,31,22,14,0,1
9477,9477,0.25,"615:0:0:46071",4,4,9477,0.013162682190784,2,NA,NA,NA,NA,NA,615,89,59,26,0,1
9479,9479,0.0357142857142857,"0:0:46646:60",28,28,9479,0.00128416411617405,2,NA,NA,NA,NA,NA,60,35,29,16,0,1
9491,9491,0.032258064516129,"0:46659:0:55",31,31,9491,0.00117715043982621,6,NA,NA,NA,NA,NA,55,31,23,15,0,0
9598,9598,0.333333333333333,"0:46637:0:74",3,3,9598,0.00158380240994799,5,NA,NA,NA,NA,NA,74,16,9,6,0,0
9693,9693,0.05,"0:46626:0:80",20,20,9693,0.0017122188215654,4,NA,NA,NA,NA,NA,80,21,17,11,0,0
9724,9724,0.1,"0:46637:0:74",10,10,9724,0.00158380240994799,9,NA,NA,NA,NA,NA,74,13,10,4,0,0
9857,9857,0.0769230769230769,"0:46654:0:64",13,13,9857,0.00136977505725232,1,NA,NA,NA,NA,NA,64,19,14,7,0,0
9924,9924,0.0769230769230769,"0:46666:0:49",13,13,9924,0.00104873402820881,1,NA,NA,NA,NA,NA,49,15,13,6,0.0204081632653061,0
9967,9967,0.0833333333333333,"0:46664:0:54",12,12,9967,0.00115574770455664,1,NA,NA,NA,NA,NA,54,21,20,8,0,0
10097,10097,0.125,"1469:0:45208:0",8,8,10097,0.0314406181109946,1,NA,NA,NA,NA,NA,1469,80,50,33,0,0
10188,10188,0.25,"0:46505:0:130",4,4,10188,0.00278235558504377,1,NA,NA,NA,NA,NA,130,13,13,3,0,0
10262,10262,0.5,"53:0:46624:0",2,2,10262,0.00113434496928707,6,NA,NA,NA,NA,NA,53,5,4,1,0,0
10319,10319,0.1,"0:46387:0:290",10,10,10319,0.00620679322817456,2,NA,NA,NA,NA,NA,290,32,30,8,0,0
10323,10323,0.0217391304347826,"46426:0:236:0",46,46,10323,0.00505104552361792,1,NA,NA,NA,NA,NA,236,48,39,20,0,0
10369,10369,0.0344827586206897,"0:46497:0:192",29,29,10369,0.00410932517175695,1,NA,NA,NA,NA,NA,192,31,20,11,0,0
10376,10376,0.0769230769230769,"0:46627:0:63",13,13,10376,0.00134837232198275,1,NA,NA,NA,NA,NA,63,14,12,9,0,0
10507,10507,0.0909090909090909,"0:46564:0:150",11,11,10507,0.00321041029043512,9,NA,NA,NA,NA,NA,150,36,22,13,0,0
10582,10582,0.0526315789473684,"0:46622:0:95",19,19,10582,0.00203325985060891,6,NA,NA,NA,NA,NA,95,31,23,17,0,0
10626,10626,0.0416666666666667,"0:46649:0:64",24,24,10626,0.00136977505725232,3,NA,NA,NA,NA,NA,64,23,19,11,0,0
10712,10712,0.5,"0:46669:0:53",2,2,10712,0.00113434496928707,10,NA,NA,NA,NA,NA,53,10,9,2,0,0
10798,10798,0.5,"583:46014:0:0",2,2,10798,0.0124777946621578,4,NA,NA,NA,NA,NA,583,8,2,1,0.00514579759862779,0
10851,10851,0.1,"0:46555:0:85",10,10,10851,0.00181923249791323,2,NA,NA,NA,NA,NA,85,22,23,4,0,0
10948,10948,0.333333333333333,"46597:0:103:0",3,3,10948,0.00220448173276545,6,NA,NA,NA,NA,NA,103,28,15,7,0,0
11001,11001,0.142857142857143,"0:46625:0:89",7,7,11001,0.0019048434389915,2,NA,NA,NA,NA,NA,89,13,3,2,0,0
11109,11109,0.0625,"0:46461:0:255",16,16,11109,0.0054576974937397,2,NA,NA,NA,NA,NA,255,30,22,17,0,0
11195,11195,0.1,"0:46597:0:120",10,10,11195,0.00256832823234809,5,NA,NA,NA,NA,NA,120,30,18,10,0,0
11221,11221,0.333333333333333,"0:0:46632:86",3,3,11221,0.0018406352331828,1,NA,NA,NA,NA,NA,86,4,4,2,0.0116279069767442,0
11320,11320,0.5,"0:61:0:46661",2,2,11320,0.00130556685144361,2,NA,NA,NA,NA,NA,61,4,4,2,0,0
11379,11379,0.125,"0:46661:0:52",8,8,11379,0.00111294223401751,4,NA,NA,NA,NA,NA,52,8,8,4,0,0
11417,11417,0.0357142857142857,"0:0:46607:98",28,28,11417,0.00209746805641761,1,NA,NA,NA,NA,NA,98,28,25,15,0.0204081632653061,0
11575,11575,0.0714285714285714,"0:46647:0:58",14,14,11575,0.00124135864563491,3,NA,NA,NA,NA,NA,58,16,12,6,0.0172413793103448,0
11596,11596,0.111111111111111,"0:0:46659:57",9,9,11596,0.00121995591036534,1,NA,NA,NA,NA,NA,57,10,10,5,0,0
11638,11638,0.5,"0:66:0:46655",2,2,11638,0.00141258052779145,4,NA,NA,NA,NA,NA,66,16,16,10,0,0
11752,11752,0.2,"0:46647:0:70",5,5,11752,0.00149819146886972,1,NA,NA,NA,NA,NA,70,17,9,4,0.0142857142857143,0
11801,11801,0.1,"176:0:46545:0",10,10,11801,0.00376688140744387,3,NA,NA,NA,NA,NA,176,11,6,4,0,0
11916,11916,0.0526315789473684,"0:46100:0:616",19,19,11916,0.0131840849260536,3,NA,NA,NA,NA,NA,616,75,61,17,0,0
12199,12199,0.25,"46607:0:116:0",4,4,12199,0.00248271729126982,3,NA,NA,NA,NA,NA,116,2,2,2,0,1
12400,12400,0.0588235294117647,"0:46667:0:49",17,17,12400,0.00104873402820881,3,NA,NA,NA,NA,NA,49,25,19,12,0,0
12550,12550,0.5,"74:0:46648:0",2,2,12550,0.00158380240994799,3,NA,NA,NA,NA,NA,74,4,4,2,0,0
12710,12710,0.2,"0:46539:0:181",5,5,12710,0.00387389508379171,8,NA,NA,NA,NA,NA,181,7,5,4,0.00552486187845304,0
12781,12781,0.0714285714285714,"0:46665:0:57",14,14,12781,0.00121995591036534,2,NA,NA,NA,NA,NA,57,19,14,11,0,0
12880,12880,0.0476190476190476,"0:46622:0:98",21,21,12880,0.00209746805641761,3,NA,NA,NA,NA,NA,98,20,17,10,0.0102040816326531,0
12915,12915,0.142857142857143,"0:46629:0:90",7,7,12915,0.00192624617426107,4,NA,NA,NA,NA,NA,90,10,8,6,0,0
13216,13216,0.5,"0:0:92:46616",2,2,13216,0.00196905164480021,6,NA,NA,NA,NA,NA,92,17,7,4,0.152173913043478,0
13458,13458,0.0555555555555556,"0:46585:0:97",18,18,13458,0.00207606532114804,1,NA,NA,NA,NA,NA,97,17,12,9,0,0
13536,13536,0.0625,"0:46162:0:506",16,16,13536,0.0108297840464011,12,NA,NA,NA,NA,NA,506,78,55,33,0,0
13665,13665,0.0833333333333333,"0:46578:0:136",12,12,13665,0.00291077199666117,2,NA,NA,NA,NA,NA,136,15,14,7,0.0294117647058824,0
13730,13730,0.0625,"0:45769:0:913",16,16,13730,0.0195406973011151,2,NA,NA,NA,NA,NA,913,111,88,28,0,0
13862,13862,0.166666666666667,"0:46042:0:669",6,6,13862,0.0143184298953406,2,NA,NA,NA,NA,NA,669,32,18,13,0,0
13953,13953,0.333333333333333,"46670:0:51:0",3,3,13953,0.00109153949874794,2,NA,NA,NA,NA,NA,51,4,3,2,0,0
14184,14184,0.111111111111111,"0:46649:0:67",9,9,14184,0.00143398326306102,1,NA,NA,NA,NA,NA,67,20,17,12,0.0298507462686567,0
14408,14408,0.0217391304347826,"0:10358:0:36256",46,46,14408,0.775977569933437,1,NA,NA,NA,NA,NA,36256,929,432,90,2.75816416593116e-05,0
14724,14724,0.0526315789473684,"0:46627:0:82",19,19,14724,0.00175502429210453,12,NA,NA,NA,NA,NA,82,25,17,10,0,0
14741,14741,0.25,"0:46581:0:131",4,4,14741,0.00280375832031334,2,NA,NA,NA,NA,NA,131,8,7,4,0,0
14768,14768,0.111111111111111,"0:46597:0:114",9,9,14768,0.00243991182073069,4,NA,NA,NA,NA,NA,114,6,6,5,0.0087719298245614,0
14786,14786,0.0714285714285714,"0:46462:0:258",14,14,14786,0.0055219056995484,2,NA,NA,NA,NA,NA,258,56,39,18,0,0
14805,14805,0.0714285714285714,"0:43365:0:3321",14,14,14805,0.0710784838302335,13,NA,NA,NA,NA,NA,3321,227,146,51,0,0
14877,14877,0.1,"0:46633:0:87",10,10,14877,0.00186203796845237,3,NA,NA,NA,NA,NA,87,17,14,8,0,0
14925,14925,0.0526315789473684,"0:46626:0:57",19,19,14925,0.00121995591036534,3,NA,NA,NA,NA,NA,57,19,15,8,0,0
14937,14937,0.1,"0:46653:0:49",10,10,14937,0.00104873402820881,5,NA,NA,NA,NA,NA,49,16,13,7,0.0204081632653061,0
15277,15277,0.1,"0:46661:0:53",10,10,15277,0.00113434496928707,2,NA,NA,NA,NA,NA,53,17,13,8,0,0
15324,15324,0.0333333333333333,"0:45699:0:1004",30,30,15324,0.0214883462106457,3,NA,NA,NA,NA,NA,1004,161,101,40,0,0
15380,15380,0.0714285714285714,"0:0:46634:67",14,14,15380,0.00143398326306102,8,NA,NA,NA,NA,NA,67,33,23,15,0,0
15438,15438,0.142857142857143,"0:0:46625:93",7,7,15438,0.00199045438006977,1,NA,NA,NA,NA,NA,93,27,12,7,0,0
15540,15540,0.0714285714285714,"0:46601:0:115",14,14,15540,0.00246131455600026,3,NA,NA,NA,NA,NA,115,34,21,11,0,0
15720,15720,0.0454545454545455,"0:46634:0:83",22,22,15720,0.0017764270273741,6,NA,NA,NA,NA,NA,83,22,20,11,0,0
15760,15760,0.25,"49:0:46666:0",4,4,15760,0.00104873402820881,3,NA,NA,NA,NA,NA,49,23,23,6,0.102040816326531,0
15933,15933,0.333333333333333,"0:45969:0:749",3,3,15933,0.016030648716906,3,NA,NA,NA,NA,NA,749,2,2,2,0,0
15960,15960,0.0666666666666667,"0:46670:0:49",15,15,15960,0.00104873402820881,3,NA,NA,NA,NA,NA,49,22,17,6,0,0
15972,15972,0.5,"46663:0:56:0",2,2,15972,0.00119855317509578,9,NA,NA,NA,NA,NA,56,7,7,5,0,0
16260,16260,0.0625,"0:46531:0:183",16,16,16260,0.00391670055433084,13,NA,NA,NA,NA,NA,183,52,41,16,0,0
16289,16289,0.05,"0:46298:0:418",20,20,16289,0.00894634334267919,4,NA,NA,NA,NA,NA,418,43,28,12,0,0
16293,16293,0.1,"0:46614:0:107",10,10,16293,0.00229009267384372,4,NA,NA,NA,NA,NA,107,18,17,9,0,0
16376,16376,0.0769230769230769,"0:46558:0:163",13,13,16376,0.00348864584893949,1,NA,NA,NA,NA,NA,163,19,13,5,0,0
16381,16381,0.5,"97:0:46626:0",2,2,16381,0.00207606532114804,4,NA,NA,NA,NA,NA,97,20,10,3,0,0
16616,16616,0.0714285714285714,"0:46644:0:72",14,14,16616,0.00154099693940886,6,NA,NA,NA,NA,NA,72,21,16,6,0,0
16626,16626,0.142857142857143,"0:46655:0:62",7,7,16626,0.00132696958671318,4,NA,NA,NA,NA,NA,62,8,7,4,0,0
16647,16647,0.111111111111111,"0:0:46649:63",9,9,16647,0.00134837232198275,8,NA,NA,NA,NA,NA,63,11,12,7,0.0158730158730159,0
16762,16762,0.111111111111111,"0:46634:0:82",9,9,16762,0.00175502429210453,5,NA,NA,NA,NA,NA,82,14,9,6,0,0
16813,16813,0.25,"163:0:46557:0",4,4,16813,0.00348864584893949,17,NA,NA,NA,NA,NA,163,2,2,1,0.0184049079754601,0
16852,16852,0.0588235294117647,"0:0:46650:63",17,17,16852,0.00134837232198275,1,NA,NA,NA,NA,NA,63,19,17,11,0,0
16912,16912,0.0833333333333333,"0:0:46614:102",12,12,16912,0.00218307899749588,3,NA,NA,NA,NA,NA,102,13,12,6,0,1
16968,16968,0.111111111111111,"0:0:46036:670",9,9,16968,0.0143398326306102,1,NA,NA,NA,NA,NA,670,5,5,5,0.017910447761194,0
17010,17010,0.0714285714285714,"0:46598:0:95",14,14,17010,0.00203325985060891,1,NA,NA,NA,NA,NA,95,18,15,9,0.189473684210526,0
17014,17014,0.0769230769230769,"0:0:46647:68",13,13,17014,0.00145538599833059,2,NA,NA,NA,NA,NA,68,16,13,9,0,0
17104,17104,0.0714285714285714,"0:46614:0:103",14,14,17104,0.00220448173276545,6,NA,NA,NA,NA,NA,103,29,26,17,0,0
17126,17126,0.333333333333333,"0:92:0:46625",3,3,17126,0.00196905164480021,1,NA,NA,NA,NA,NA,92,22,9,4,0,0
17247,17247,0.166666666666667,"0:948:0:45761",6,6,17247,0.0202897930355499,2,NA,NA,NA,NA,NA,948,122,90,36,0.00316455696202532,0
17410,17410,0.05,"0:46570:0:141",20,20,17410,0.00301778567300901,4,NA,NA,NA,NA,NA,141,44,34,23,0.049645390070922,0
17470,17470,0.166666666666667,"0:46650:0:68",6,6,17470,0.00145538599833059,4,NA,NA,NA,NA,NA,68,24,17,9,0,0
17690,17690,0.125,"0:46534:0:141",8,8,17690,0.00301778567300901,4,NA,NA,NA,NA,NA,141,27,23,14,0,0
17747,17747,0.0416666666666667,"0:44799:0:1849",24,24,17747,0.0395736575134302,1,NA,NA,NA,NA,NA,1849,119,82,17,0,0
17858,17858,0.142857142857143,"44842:0:1875:0",7,7,17858,0.040130128630439,1,NA,NA,NA,NA,NA,1875,118,79,14,0,0
18060,18060,0.0666666666666667,"0:44800:0:1905",15,15,18060,0.040772210688526,7,NA,NA,NA,NA,NA,1905,129,91,17,0.0015748031496063,0
18086,18086,0.1,"0:46644:0:64",10,10,18086,0.00136977505725232,1,NA,NA,NA,NA,NA,64,18,15,6,0.0625,0
18555,18555,0.05,"0:46596:0:123",20,20,18555,0.0026325364381568,2,NA,NA,NA,NA,NA,123,20,18,7,0,0
18568,18568,0.0555555555555556,"0:46643:0:76",18,18,18568,0.00162660788048713,1,NA,NA,NA,NA,NA,76,28,18,8,0,0
18736,18736,0.333333333333333,"0:296:0:46418",3,3,18736,0.00633520963979197,8,NA,NA,NA,NA,NA,296,64,56,8,0,0
18744,18744,0.0588235294117647,"0:46636:0:80",17,17,18744,0.0017122188215654,3,NA,NA,NA,NA,NA,80,24,20,11,0,0
18747,18747,0.125,"0:46642:0:74",8,8,18747,0.00158380240994799,3,NA,NA,NA,NA,NA,74,11,8,6,0,0
18788,18788,0.0769230769230769,"0:46597:0:120",13,13,18788,0.00256832823234809,6,NA,NA,NA,NA,NA,120,20,12,7,0,0
18877,18877,0.0357142857142857,"0:45153:0:1533",28,28,18877,0.0328103931682469,3,NA,NA,NA,NA,NA,1533,201,131,49,0,0
18898,18898,0.25,"0:0:46668:54",4,4,18898,0.00115574770455664,4,NA,NA,NA,NA,NA,54,8,7,2,0,0
18998,18998,0.25,"0:46317:0:378",4,4,18998,0.0080902339318965,8,NA,NA,NA,NA,NA,378,53,42,14,0,0
19170,19170,0.0588235294117647,"0:46328:0:326",17,17,19170,0.00697729169787899,2,NA,NA,NA,NA,NA,326,52,36,21,0.150306748466258,0
19374,19374,0.0769230769230769,"0:42895:0:48",13,13,19374,0.00102733129293924,7,NA,NA,NA,NA,NA,48,13,12,9,0,1
19488,19488,0.0454545454545455,"0:43283:0:98",22,22,19488,0.00209746805641761,7,NA,NA,NA,NA,NA,98,23,16,9,0,0
19509,19509,0.25,"246:0:43033:0",4,4,19509,0.00526507287631359,3,NA,NA,NA,NA,NA,246,43,27,17,0,0
19524,19524,0.0344827586206897,"0:42600:0:623",29,29,19524,0.0133339040729405,1,NA,NA,NA,NA,NA,623,52,42,17,0,0
19677,19677,0.25,"0:0:46554:133",4,4,19677,0.00284656379085247,2,NA,NA,NA,NA,NA,133,11,9,5,0.0075187969924812,0
19684,19684,0.0833333333333333,"0:0:46575:117",12,12,19684,0.00250412002653939,3,NA,NA,NA,NA,NA,117,38,35,11,0,0
19718,19718,0.142857142857143,"0:46622:0:78",7,7,19718,0.00166941335102626,2,NA,NA,NA,NA,NA,78,17,16,13,0,1
19839,19839,0.0714285714285714,"0:1621:0:45087",14,14,19839,0.0346938338719688,4,NA,NA,NA,NA,NA,1621,92,64,30,0,0
19999,19999,0.0909090909090909,"0:0:46611:57",11,11,19999,0.00121995591036534,3,NA,NA,NA,NA,NA,57,13,11,8,0.0175438596491228,0
20134,20134,0.0714285714285714,"0:0:46589:103",14,14,20134,0.00220448173276545,1,NA,NA,NA,NA,NA,103,29,19,11,0.00970873786407767,0
20148,20148,0.0769230769230769,"0:46604:0:72",13,13,20148,0.00154099693940886,6,NA,NA,NA,NA,NA,72,20,16,8,0,0
20233,20233,0.0909090909090909,"0:46615:0:58",11,11,20233,0.00124135864563491,1,NA,NA,NA,NA,NA,58,8,8,6,0,0
20268,20268,0.0357142857142857,"43795:0:2856:0",28,28,20268,0.0611262119298846,2,NA,NA,NA,NA,NA,2856,266,146,52,0,0
20270,20270,0.142857142857143,"0:46545:0:124",7,7,20270,0.00265393917342636,2,NA,NA,NA,NA,NA,124,21,10,6,0,0
20578,20578,0.166666666666667,"0:0:46485:182",6,6,20578,0.00389529781906128,2,NA,NA,NA,NA,NA,182,22,16,10,0,0
20580,20580,0.125,"0:0:46614:49",8,8,20580,0.00104873402820881,2,NA,NA,NA,NA,NA,49,10,9,5,0.0204081632653061,0
20755,20755,0.0769230769230769,"46557:116:0:0",13,13,20755,0.00248271729126982,1,NA,NA,NA,NA,NA,116,33,29,10,0.0172413793103448,0
21058,21058,0.1,"0:46623:0:63",10,10,21058,0.00134837232198275,1,NA,NA,NA,NA,NA,63,17,13,7,0.0158730158730159,0
21137,21137,0.0232558139534884,"46579:0:125:0",43,43,21137,0.00267534190869593,4,NA,NA,NA,NA,NA,125,59,43,21,0,1
21242,21242,0.333333333333333,"0:46477:0:75",3,3,21242,0.00160520514521756,9,NA,NA,NA,NA,NA,75,7,5,3,0,0
21614,21614,0.0714285714285714,"0:46606:0:89",14,14,21614,0.0019048434389915,2,NA,NA,NA,NA,NA,89,22,16,9,0.0112359550561798,0
21624,21624,0.1,"0:0:46480:215",10,10,21624,0.004601588082957,1,NA,NA,NA,NA,NA,215,24,9,5,0.013953488372093,0
21648,21648,0.0625,"0:46620:0:73",16,16,21648,0.00156239967467842,2,NA,NA,NA,NA,NA,73,22,19,10,0,0
21707,21707,0.0434782608695652,"0:46616:0:89",23,23,21707,0.0019048434389915,4,NA,NA,NA,NA,NA,89,34,32,13,0,0
21724,21724,0.05,"0:0:46510:180",20,20,21724,0.00385249234852214,3,NA,NA,NA,NA,NA,180,43,24,16,0.0222222222222222,0
21772,21772,0.0714285714285714,"0:46655:0:47",14,14,21772,0.00100592855766967,2,NA,NA,NA,NA,NA,47,15,14,8,0,0
22225,22225,0.0769230769230769,"0:0:46629:67",13,13,22225,0.00143398326306102,1,NA,NA,NA,NA,NA,67,17,13,8,0.0298507462686567,0
22444,22444,0.0625,"0:44777:0:237",16,16,22444,0.00507244825888749,3,NA,NA,NA,NA,NA,237,44,29,16,0,0
22468,22468,0.0588235294117647,"0:0:44974:106",17,17,22468,0.00226868993857415,2,NA,NA,NA,NA,NA,106,37,30,17,0,0
22591,22591,0.2,"0:46665:0:55",5,5,22591,0.00117715043982621,1,NA,NA,NA,NA,NA,55,5,5,4,0,0
22879,22879,0.166666666666667,"261:46366:0:0",6,6,22879,0.0055861139053571,14,NA,NA,NA,NA,NA,261,8,5,4,0.00766283524904215,0
22992,22992,0.333333333333333,"111:0:46494:0",3,3,22992,0.00237570361492199,1,NA,NA,NA,NA,NA,111,9,7,2,0.036036036036036,0
23185,23185,0.125,"0:46557:0:162",8,8,23185,0.00346724311366993,6,NA,NA,NA,NA,NA,162,20,17,7,0,0
23311,23311,0.0526315789473684,"0:0:46638:81",19,19,23311,0.00173362155683496,4,NA,NA,NA,NA,NA,81,24,14,7,0.0123456790123457,0
23403,23403,0.0434782608695652,"10277:0:36347:0",23,23,23403,0.777925218842968,1,NA,NA,NA,NA,NA,36347,937,439,90,0,0
23426,23426,0.0588235294117647,"0:0:46654:54",17,17,23426,0.00115574770455664,3,NA,NA,NA,NA,NA,54,18,17,13,0.0925925925925926,0
23575,23575,0.166666666666667,"0:46667:0:54",6,6,23575,0.00115574770455664,2,NA,NA,NA,NA,NA,54,33,25,14,0,0
23586,23586,0.125,"46646:0:75:0",8,8,23586,0.00160520514521756,1,NA,NA,NA,NA,NA,75,10,9,4,0,0
23604,23604,0.2,"0:46657:0:54",5,5,23604,0.00115574770455664,1,NA,NA,NA,NA,NA,54,5,5,2,0.185185185185185,0
23707,23707,0.125,"0:46593:0:124",8,8,23707,0.00265393917342636,2,NA,NA,NA,NA,NA,124,36,29,17,0,0
23731,23731,0.25,"0:45205:0:1501",4,4,23731,0.0321255056396207,3,NA,NA,NA,NA,NA,1501,81,51,32,0,0
23868,23868,0.0588235294117647,"0:0:46655:56",17,17,23868,0.00119855317509578,2,NA,NA,NA,NA,NA,56,19,14,12,0.0714285714285714,0
23929,23929,0.0769230769230769,"0:45910:0:779",13,13,23929,0.016672730774993,3,NA,NA,NA,NA,NA,779,103,85,28,0,1
24034,24034,0.0625,"0:46329:0:383",16,16,24034,0.00819724760824433,6,NA,NA,NA,NA,NA,383,95,73,17,0,0
24047,24047,0.5,"60:0:46660:0",2,2,24047,0.00128416411617405,5,NA,NA,NA,NA,NA,60,15,8,5,0,0
24077,24077,0.333333333333333,"0:0:46595:124",3,3,24077,0.00265393917342636,2,NA,NA,NA,NA,NA,124,22,17,13,0.00806451612903226,0
24197,24197,0.0909090909090909,"0:0:46563:129",11,11,24197,0.0027609528497742,1,NA,NA,NA,NA,NA,129,35,16,12,0.108527131782946,0
24368,24368,0.0263157894736842,"0:0:46187:511",38,38,24368,0.010936797722749,1,NA,NA,NA,NA,NA,511,83,29,22,0.0293542074363992,0
24694,24694,0.25,"46500:0:0:222",4,4,24694,0.00475140722984397,3,NA,NA,NA,NA,NA,222,58,51,12,0.0045045045045045,0
24781,24781,0.166666666666667,"0:0:46619:102",6,6,24781,0.00218307899749588,7,NA,NA,NA,NA,NA,102,6,4,4,0.0196078431372549,1
24794,24794,0.0909090909090909,"0:0:46655:66",11,11,24794,0.00141258052779145,1,NA,NA,NA,NA,NA,66,20,17,9,0.0151515151515152,0
24862,24862,0.111111111111111,"46462:0:261:0",9,9,24862,0.0055861139053571,1,NA,NA,NA,NA,NA,261,24,21,17,0,0
24904,24904,0.0714285714285714,"0:46656:0:64",14,14,24904,0.00136977505725232,1,NA,NA,NA,NA,NA,64,20,16,10,0,0
24923,24923,0.333333333333333,"0:53:0:46666",3,3,24923,0.00113434496928707,2,NA,NA,NA,NA,NA,53,6,3,1,0,0
24982,24982,0.2,"0:127:0:44415",5,5,24982,0.00271814737923507,3,NA,NA,NA,NA,NA,127,12,12,3,0,0
25088,25088,0.125,"0:0:46660:54",8,8,25088,0.00115574770455664,8,NA,NA,NA,NA,NA,54,35,13,6,0,0
25350,25350,0.0555555555555556,"0:46370:0:322",18,18,25350,0.00689168075680072,2,NA,NA,NA,NA,NA,322,50,29,12,0,0
25429,25429,0.0588235294117647,"0:0:45766:929",17,17,25429,0.0198831410654282,2,NA,NA,NA,NA,NA,929,61,36,20,0.00215285252960172,0
25433,25433,0.0833333333333333,"0:46558:0:149",12,12,25433,0.00318900755516555,4,NA,NA,NA,NA,NA,149,30,19,10,0,0
25451,25451,0.333333333333333,"0:53:0:46664",3,3,25451,0.00113434496928707,1,NA,NA,NA,NA,NA,53,3,3,2,0,0
25459,25459,0.0833333333333333,"0:0:46669:48",12,12,25459,0.00102733129293924,1,NA,NA,NA,NA,NA,48,12,9,7,0,0
25494,25494,0.0526315789473684,"0:0:46635:80",19,19,25494,0.0017122188215654,1,NA,NA,NA,NA,NA,80,22,16,10,0.0125,0
25528,25528,0.166666666666667,"0:46508:0:210",6,6,25528,0.00449457440660917,2,NA,NA,NA,NA,NA,210,21,14,6,0,0
25552,25552,0.0909090909090909,"0:0:46499:211",11,11,25552,0.00451597714187873,1,NA,NA,NA,NA,NA,211,20,13,7,0.033175355450237,0
25563,25563,0.0285714285714286,"0:0:34759:11864",35,35,25563,0.253922051238148,3,NA,NA,NA,NA,NA,11864,514,267,78,0.00126432906271072,0
25572,25572,0.125,"0:46622:0:95",8,8,25572,0.00203325985060891,1,NA,NA,NA,NA,NA,95,23,16,9,0.0105263157894737,1
25669,25669,0.142857142857143,"0:46554:0:67",7,7,25669,0.00143398326306102,2,NA,NA,NA,NA,NA,67,7,6,3,0,0
25688,25688,0.0769230769230769,"0:46406:0:230",13,13,25688,0.00492262911200051,1,NA,NA,NA,NA,NA,230,48,36,20,0.0521739130434783,0
25710,25710,0.0714285714285714,"0:46584:0:64",14,14,25710,0.00136977505725232,1,NA,NA,NA,NA,NA,64,19,15,8,0,0
25714,25714,0.0833333333333333,"0:46502:0:142",12,12,25714,0.00303918840827858,2,NA,NA,NA,NA,NA,142,19,11,8,0.00704225352112676,0
25728,25728,0.0909090909090909,"0:46575:0:70",11,11,25728,0.00149819146886972,2,NA,NA,NA,NA,NA,70,13,11,8,0,0
25783,25783,0.333333333333333,"0:63:0:46601",3,3,25783,0.00134837232198275,1,NA,NA,NA,NA,NA,63,2,2,1,0,0
25904,25904,0.0357142857142857,"0:46570:0:65",28,28,25904,0.00139117779252188,2,NA,NA,NA,NA,NA,65,31,23,11,0,0
25916,25916,0.0454545454545455,"0:46552:0:109",22,22,25916,0.00233289814438285,3,NA,NA,NA,NA,NA,109,36,26,13,0,0
25979,25979,0.333333333333333,"0:0:46068:611",3,3,25979,0.0130770712497057,1,NA,NA,NA,NA,NA,611,88,59,26,0,0
26029,26029,0.142857142857143,"82:46579:0:0",7,7,26029,0.00175502429210453,1,NA,NA,NA,NA,NA,82,10,6,4,0,0
26088,26088,0.2,"0:46446:0:221",5,5,26088,0.00473000449457441,6,NA,NA,NA,NA,NA,221,54,33,17,0,0
26144,26144,0.0714285714285714,"0:0:43777:2853",14,14,26144,0.0610620037240759,1,NA,NA,NA,NA,NA,2853,215,150,47,0.00175254118471784,0
26183,26183,0.5,"46583:0:81:0",2,2,26183,0.00173362155683496,4,NA,NA,NA,NA,NA,81,4,2,1,0,0
26233,26233,0.5,"0:0:46588:134",2,2,26233,0.00286796652612204,1,NA,NA,NA,NA,NA,134,28,23,10,0,0
26256,26256,0.1,"0:46640:0:80",10,10,26256,0.0017122188215654,6,NA,NA,NA,NA,NA,80,15,13,8,0.0125,0
26447,26447,0.0625,"0:46581:0:105",16,16,26447,0.00224728720330458,3,NA,NA,NA,NA,NA,105,29,15,8,0.123809523809524,0
26450,26450,0.166666666666667,"0:0:46642:58",6,6,26450,0.00124135864563491,3,NA,NA,NA,NA,NA,58,10,7,5,0.155172413793103,0
26461,26461,0.0625,"0:46647:0:57",16,16,26461,0.00121995591036534,3,NA,NA,NA,NA,NA,57,21,15,12,0.0175438596491228,0
26527,26527,0.0555555555555556,"0:46656:0:51",18,18,26527,0.00109153949874794,1,NA,NA,NA,NA,NA,51,25,23,15,0,0
26530,26530,0.0625,"46288:0:385:0",16,16,26530,0.00824005307878347,1,NA,NA,NA,NA,NA,385,101,73,37,0.0025974025974026,0
26681,26681,0.027027027027027,"0:46532:0:181",37,37,26681,0.00387389508379171,2,NA,NA,NA,NA,NA,181,43,34,16,0,1
26729,26729,0.2,"0:313:0:46406",5,5,26729,0.00669905613937461,1,NA,NA,NA,NA,NA,313,77,65,12,0,0
26735,26735,0.0285714285714286,"0:46106:0:591",35,35,26735,0.0126490165443144,5,NA,NA,NA,NA,NA,591,93,56,30,0,0
26750,26750,0.166666666666667,"0:46672:0:47",6,6,26750,0.00100592855766967,3,NA,NA,NA,NA,NA,47,4,4,4,0,0
26936,26936,0.0909090909090909,"0:46662:0:50",11,11,26936,0.00107013676347837,6,NA,NA,NA,NA,NA,50,16,12,7,0,0
27046,27046,0.0344827586206897,"0:46043:0:664",29,29,27046,0.0142114162189928,1,NA,NA,NA,NA,NA,664,99,69,31,0,0
27059,27059,0.0833333333333333,"0:46665:0:48",12,12,27059,0.00102733129293924,4,NA,NA,NA,NA,NA,48,14,9,6,0,0
27281,27281,0.125,"0:0:46653:56",8,8,27281,0.00119855317509578,4,NA,NA,NA,NA,NA,56,12,7,4,0,0
27299,27299,0.2,"0:139:0:46577",5,5,27299,0.00297498020246988,2,NA,NA,NA,NA,NA,139,40,30,10,0,0
27384,27384,0.025,"0:172:0:46537",40,40,27384,0.0036812704663656,1,NA,NA,NA,NA,NA,172,52,41,17,0,0
27630,27630,0.0666666666666667,"0:46356:0:61",15,15,27630,0.00130556685144361,1,NA,NA,NA,NA,NA,61,17,12,8,0,0
27635,27635,0.25,"0:46286:0:124",4,4,27635,0.00265393917342636,1,NA,NA,NA,NA,NA,124,33,33,7,0,0
27654,27654,0.142857142857143,"0:46399:0:81",7,7,27654,0.00173362155683496,2,NA,NA,NA,NA,NA,81,8,7,4,0.0123456790123457,0
27669,27669,0.333333333333333,"46376:0:110:0",3,3,27669,0.00235430087965242,1,NA,NA,NA,NA,NA,110,19,10,6,0.00909090909090909,0
27679,27679,0.111111111111111,"0:46424:0:66",9,9,27679,0.00141258052779145,3,NA,NA,NA,NA,NA,66,12,10,8,0,0
27703,27703,0.0666666666666667,"0:0:46413:47",15,15,27703,0.00100592855766967,3,NA,NA,NA,NA,NA,47,17,16,10,0,0
27877,27877,0.0909090909090909,"0:0:46629:80",11,11,27877,0.0017122188215654,2,NA,NA,NA,NA,NA,80,21,12,7,0.0125,0
27964,27964,0.027027027027027,"0:45406:0:1301",37,37,27964,0.0278449585857073,3,NA,NA,NA,NA,NA,1301,70,59,7,0,0
27987,27987,0.125,"0:0:46655:54",8,8,27987,0.00115574770455664,2,NA,NA,NA,NA,NA,54,9,8,5,0.0185185185185185,0
28086,28086,0.0588235294117647,"0:0:46565:110",17,17,28086,0.00235430087965242,1,NA,NA,NA,NA,NA,110,24,16,8,0.00909090909090909,0
28093,28093,0.05,"0:46596:0:71",20,20,28093,0.00151959420413929,4,NA,NA,NA,NA,NA,71,19,17,11,0,0
28144,28144,0.0666666666666667,"0:3679:0:42993",15,15,28144,0.0787406630567387,2,NA,NA,NA,NA,NA,3679,344,218,56,0,0
28256,28256,0.125,"0:46617:0:99",8,8,28256,0.00211887079168718,2,NA,NA,NA,NA,NA,99,5,4,3,0.0202020202020202,0
28311,28311,0.0625,"0:45751:0:930",16,16,28311,0.0199045438006977,1,NA,NA,NA,NA,NA,930,115,90,30,0.0043010752688172,1
28514,28514,0.25,"0:0:46669:47",4,4,28514,0.00100592855766967,2,NA,NA,NA,NA,NA,47,6,6,4,0.0425531914893617,0
28531,28531,0.125,"0:46619:0:99",8,8,28531,0.00211887079168718,3,NA,NA,NA,NA,NA,99,8,7,4,0,0
28580,28580,0.166666666666667,"0:0:46026:677",6,6,28580,0.0144896517774972,11,NA,NA,NA,NA,NA,677,36,14,10,0.0132939438700148,0
28655,28655,0.0833333333333333,"0:0:46657:52",12,12,28655,0.00111294223401751,2,NA,NA,NA,NA,NA,52,10,10,7,0.0384615384615385,0
28657,28657,0.0454545454545455,"0:46060:0:649",22,22,28657,0.0138903751899493,2,NA,NA,NA,NA,NA,649,98,66,27,0.00154083204930663,0
28688,28688,0.111111111111111,"0:295:0:46413",9,9,28688,0.0063138069045224,1,NA,NA,NA,NA,NA,295,74,71,32,0.00338983050847458,0
28708,28708,0.0588235294117647,"0:46662:0:54",17,17,28708,0.00115574770455664,2,NA,NA,NA,NA,NA,54,22,17,7,0.0740740740740741,0
28812,28812,0.0555555555555556,"0:0:46642:59",18,18,28812,0.00126276138090448,1,NA,NA,NA,NA,NA,59,27,21,11,0.0338983050847458,0
28836,28836,0.2,"0:46040:0:671",5,5,28836,0.0143612353658798,1,NA,NA,NA,NA,NA,671,32,18,10,0,0
28842,28842,0.25,"0:0:46585:125",4,4,28842,0.00267534190869593,1,NA,NA,NA,NA,NA,125,38,26,12,0,0
28851,28851,0.0384615384615385,"0:0:46480:211",26,26,28851,0.00451597714187873,1,NA,NA,NA,NA,NA,211,37,23,10,0.0473933649289099,0
28854,28854,0.024390243902439,"0:45361:0:1327",41,41,28854,0.028401429702716,1,NA,NA,NA,NA,NA,1327,128,84,35,0,0
28863,28863,0.1,"0:46087:0:624",10,10,28863,0.0133553068082101,2,NA,NA,NA,NA,NA,624,93,62,27,0,0
28878,28878,0.166666666666667,"252:0:46412:0",6,6,28878,0.005393489287931,1,NA,NA,NA,NA,NA,252,77,56,28,0.150793650793651,0
28881,28881,0.0454545454545455,"14119:0:32498:0",22,22,28881,0.302185219271023,1,NA,NA,NA,NA,NA,14119,570,302,76,0.00141653091578724,1
28882,28882,0.142857142857143,"14098:0:32523:0",7,7,28882,0.301735761830362,1,NA,NA,NA,NA,NA,14098,567,300,76,0.00134770889487871,1
28883,28883,0.166666666666667,"0:14097:32539:0",6,6,28883,0.301714359095092,1,NA,NA,NA,NA,NA,14097,567,300,76,0.000354685394055473,1
28887,28887,0.0277777777777778,"0:46588:0:118",36,36,28887,0.00252552276180896,1,NA,NA,NA,NA,NA,118,51,34,16,0,0
28890,28890,0.5,"0:46662:0:50",2,2,28890,0.00107013676347837,2,NA,NA,NA,NA,NA,50,3,2,2,0,0
28896,28896,0.5,"0:46593:113:0",2,2,28896,0.00241850908546112,1,NA,NA,NA,NA,NA,113,34,32,5,0.0265486725663717,0
28977,28977,0.2,"0:46550:0:162",5,5,28977,0.00346724311366993,2,NA,NA,NA,NA,NA,162,5,5,4,0,0
29095,29095,0.0344827586206897,"0:46572:0:124",29,29,29095,0.00265393917342636,5,NA,NA,NA,NA,NA,124,59,46,18,0,0
29144,29144,0.0666666666666667,"0:46596:0:95",15,15,29144,0.00203325985060891,1,NA,NA,NA,NA,NA,95,24,17,11,0,0
29148,29148,0.5,"0:150:0:46539",2,2,29148,0.00321041029043512,1,NA,NA,NA,NA,NA,150,46,35,13,0,0
29188,29188,0.25,"46625:0:0:51",4,4,29188,0.00109153949874794,6,NA,NA,NA,NA,NA,51,4,4,3,0,0
29200,29200,0.0454545454545455,"0:46602:0:79",22,22,29200,0.00169081608629583,1,NA,NA,NA,NA,NA,79,23,18,11,0,1
29353,29353,0.0714285714285714,"0:46613:0:105",14,14,29353,0.00224728720330458,5,NA,NA,NA,NA,NA,105,19,18,6,0,1
29402,29402,0.0714285714285714,"0:0:46594:48",14,14,29402,0.00102733129293924,1,NA,NA,NA,NA,NA,48,18,14,9,0.0208333333333333,0
29422,29422,0.0625,"0:0:46558:80",16,16,29422,0.0017122188215654,1,NA,NA,NA,NA,NA,80,16,15,11,0.05,0
29451,29451,0.111111111111111,"0:46583:0:67",9,9,29451,0.00143398326306102,2,NA,NA,NA,NA,NA,67,18,17,9,0.0149253731343284,0
29474,29474,0.0588235294117647,"0:0:46554:89",17,17,29474,0.0019048434389915,1,NA,NA,NA,NA,NA,89,19,14,10,0,0
29540,29540,0.5,"382:0:46307:0",2,2,29540,0.00817584487297477,1,NA,NA,NA,NA,NA,382,52,42,14,0.0654450261780105,0
29555,29555,0.0588235294117647,"0:46627:0:84",17,17,29555,0.00179782976264367,1,NA,NA,NA,NA,NA,84,20,15,11,0,0
29585,29585,0.0769230769230769,"0:46642:0:64",13,13,29585,0.00136977505725232,1,NA,NA,NA,NA,NA,64,17,10,8,0,1
29614,29614,0.0277777777777778,"0:46598:0:112",36,36,29614,0.00239710635019155,2,NA,NA,NA,NA,NA,112,44,36,18,0,0
29640,29640,0.0714285714285714,"0:46629:0:72",14,14,29640,0.00154099693940886,1,NA,NA,NA,NA,NA,72,18,13,5,0,0
29668,29668,0.25,"0:46569:0:65",4,4,29668,0.00139117779252188,2,NA,NA,NA,NA,NA,65,7,7,3,0,0
29700,29700,0.0476190476190476,"46205:0:327:0",21,21,29700,0.00699869443314856,1,NA,NA,NA,NA,NA,327,76,62,13,0.00305810397553517,0
29705,29705,0.111111111111111,"0:0:46374:116",9,9,29705,0.00248271729126982,1,NA,NA,NA,NA,NA,116,21,13,11,0,0
29708,29708,0.0833333333333333,"0:46416:0:79",12,12,29708,0.00169081608629583,2,NA,NA,NA,NA,NA,79,24,23,14,0,0
29711,29711,0.0526315789473684,"0:0:46293:183",19,19,29711,0.00391670055433084,3,NA,NA,NA,NA,NA,183,32,23,10,0.00546448087431694,0
29734,29734,0.0909090909090909,"0:504:45907:0",11,11,29734,0.010786978575862,1,NA,NA,NA,NA,NA,504,93,63,31,0.0257936507936508,0
29736,29736,0.0476190476190476,"0:0:46377:47",21,21,29736,0.00100592855766967,1,NA,NA,NA,NA,NA,47,23,21,13,0.106382978723404,0
29750,29750,0.037037037037037,"0:46265:0:72",27,27,29750,0.00154099693940886,1,NA,NA,NA,NA,NA,72,26,14,10,0.0555555555555556,0
29762,29762,0.0909090909090909,"0:46235:0:48",11,11,29762,0.00102733129293924,1,NA,NA,NA,NA,NA,48,12,11,7,0.0833333333333333,0
29773,29773,0.2,"0:0:45718:53",5,5,29773,0.00113434496928707,1,NA,NA,NA,NA,NA,53,10,6,3,0.0188679245283019,0
29774,29774,0.032258064516129,"0:45701:0:54",31,31,29774,0.00115574770455664,1,NA,NA,NA,NA,NA,54,32,26,13,0.0555555555555556,0
29777,29777,0.2,"0:0:45619:101",5,5,29777,0.00216167626222631,1,NA,NA,NA,NA,NA,101,8,6,5,0.0198019801980198,0
29784,29784,0.0555555555555556,"0:44449:0:851",18,18,29784,0.0182137277144019,1,NA,NA,NA,NA,NA,851,12,9,5,0,0
